index,display_name
1,Wind
2,Rustling leaves
3,Wind noise (microphone)
4,Thunderstorm
5,Thunder
6,Water
7,Rain
8,Raindrop
9,Rain on surface
10,Fire
11,Crackle
12,Vehicle
13,"Boat, Water vehicle"
14,"Sailboat, sailing ship"
15,"Rowboat, canoe, kayak"
16,"Motorboat, speedboat"
17,Ship
18,Motor vehicle (road)
19,Car
20,Car alarm
21,Tire squeal
22,Car passing by
23,Emergency vehicle
24,Police car (siren)
25,Ambulance (siren)
26,"Fire engine, fire truck (siren)"
27,Motorcycle
28,"Traffic noise, roadway noise"
29,Aircraft
30,Aircraft engine
31,Jet engine
32,"Propeller, airscrew"
33,Helicopter
34,"Fixed-wing aircraft, airplane"
35,Engine
36,Light engine (high frequency)
37,Medium engine (mid frequency)
38,Heavy engine (low frequency)
39,Engine knocking
40,Engine starting
41,Idling
42,"Accelerating, revving, vroom"
43,Siren
44,Civil defense siren
45,Explosion
46,"Gunshot, gunfire"
47,Machine gun
48,Fusillade
49,Artillery fire
50,Cap gun
51,Fireworks
52,Firecracker
53,"Burst, pop"
54,Boom